,season,teamName,playerName,position,game_appear,game_lineups,game_minutes,shot_success_rate,duel_success_rate,dribble_success_rate,key_pass,pass_accura,fouls_drawn,label
153,2020,Levante,Dani Gómez,Attacker,34.0,17.0,1663.0,0.09090909090909091,0.36554621848739494,0.559322033898305,11.0,7.0,38.0,Normal
286,2020,Granada CF,Jorge Molina,Attacker,33.0,17.0,1612.0,0.42105263157894735,0.45161290322580644,0.45454545454545453,21.0,8.0,27.0,Normal
788,2021,Mallorca,Abdón Prats,Attacker,23.0,6.0,631.0,0.21428571428571427,0.45454545454545453,0.6363636363636364,10.0,4.0,15.0,Normal
234,2020,Eibar,Bryan Gil,Attacker,28.0,26.0,2273.0,0.13333333333333333,0.48427672955974843,0.5537190082644629,52.0,22.0,47.0,Normal
132,2020,Celta Vigo,Alfon González,Attacker,2.0,0.0,32.0,0.0,0.625,0.5,1.0,8.0,4.0,Bad
909,2022,Sevilla,Rafa Mir,Attacker,26.0,16.0,1297.0,0.14634146341463414,0.3732394366197183,0.0,9.0,6.0,11.0,Normal
42,2020,Athletic Club,Álex Berenguer,Attacker,35.0,27.0,2289.0,0.23529411764705882,0.4241573033707865,0.4794520547945205,38.0,16.0,46.0,Good
10,2020,Barcelona,L. Messi,Attacker,35.0,33.0,3022.0,0.2127659574468085,0.5708582834331337,0.6477732793522267,81.0,54.0,99.0,Good
1189,2022,Mallorca,V. Muriqi,Attacker,35.0,34.0,2953.0,0.2459016393442623,0.4875717017208413,0.4444444444444444,21.0,13.0,38.0,Normal
887,2022,Villarreal,Gerard Moreno,Attacker,21.0,14.0,1227.0,0.19444444444444445,0.5140845070422535,0.5918367346938775,18.0,16.0,14.0,Normal
1084,2022,Almeria,Léo Baptistão,Attacker,28.0,24.0,1744.0,0.1724137931034483,0.44036697247706424,0.4666666666666667,18.0,12.0,23.0,Normal
572,2021,Espanyol,Adri Embarba,Attacker,32.0,24.0,1997.0,0.0,0.44753086419753085,0.5125,38.0,14.0,43.0,Normal
1073,2022,Valladolid,S. Weissman,Attacker,15.0,6.0,742.0,0.0625,0.2807017543859649,0.5,3.0,4.0,8.0,Bad
842,2022,Athletic Club,Muniain,Attacker,30.0,19.0,1692.0,0.0,0.6108374384236454,0.7169811320754716,47.0,28.0,62.0,Good
313,2020,Valladolid,Sergi Guardiola,Attacker,29.0,19.0,1794.0,0.04,0.3778409090909091,0.5434782608695652,12.0,11.0,40.0,Normal
171,2020,Real Madrid,Vinícius Júnior,Attacker,35.0,22.0,1972.0,0.1,0.48363636363636364,0.5443037974683544,33.0,18.0,54.0,Good
988,2022,Real Betis,Juanmi,Attacker,22.0,9.0,919.0,0.26666666666666666,0.41304347826086957,0.4444444444444444,4.0,9.0,22.0,Normal
239,2020,Eibar,Sergi Enrich,Attacker,27.0,13.0,1398.0,0.08823529411764706,0.45733788395904434,0.4666666666666667,16.0,12.0,19.0,Normal
1182,2022,Mallorca,T. Kadewere,Attacker,15.0,5.0,538.0,0.07142857142857142,0.5227272727272727,0.6428571428571429,3.0,7.0,3.0,Bad
621,2021,Real Betis,N. Fekir,Attacker,34.0,33.0,2812.0,0.10909090909090909,0.47928994082840237,0.6666666666666666,86.0,33.0,92.0,Good
0,2020,Barcelona,A. Griezmann,Attacker,36.0,32.0,2619.0,0.20967741935483872,0.5637254901960784,0.7027027027027027,42.0,31.0,34.0,Good
675,2021,Real Sociedad,Portu,Attacker,37.0,17.0,1587.0,0.0625,0.39263803680981596,0.5,18.0,9.0,25.0,Normal
932,2022,Celta Vigo,Miguel Rodríguez,Attacker,7.0,3.0,251.0,0.5,0.37777777777777777,0.3333333333333333,1.0,8.0,6.0,Bad
1041,2022,Real Sociedad,A. Sørloth,Attacker,34.0,28.0,2398.0,0.22641509433962265,0.39171974522292996,0.4117647058823529,31.0,9.0,16.0,Normal
700,2021,Cadiz,Lucas Pérez,Attacker,15.0,11.0,1061.0,0.3,0.27692307692307694,0.4166666666666667,30.0,17.0,9.0,Bad
970,2022,Real Madrid,E. Hazard,Attacker,6.0,2.0,194.0,0.0,0.631578947368421,0.5,7.0,15.0,9.0,Bad
906,2022,Sevilla,Bryan Gil,Attacker,17.0,10.0,919.0,0.2222222222222222,0.46564885496183206,0.5135135135135135,8.0,15.0,19.0,Normal
345,2020,Huesca,Sandro Ramírez,Attacker,20.0,16.0,1294.0,0.19230769230769232,0.5054347826086957,0.45454545454545453,10.0,12.0,51.0,Normal
546,2021,Levante,José Luis Morales,Attacker,35.0,31.0,2725.0,0.21311475409836064,0.3868421052631579,0.41025641025641024,36.0,13.0,40.0,Good
28,2020,Atletico Madrid,L. Suárez,Attacker,32.0,30.0,2521.0,0.2413793103448276,0.47619047619047616,0.3939393939393939,27.0,12.0,40.0,Good
921,2022,Celta Vigo,H. Seferović,Attacker,18.0,10.0,887.0,0.3,0.4666666666666667,0.5,6.0,7.0,6.0,Normal
421,2021,Atletico Madrid,L. Suárez,Attacker,35.0,20.0,1834.0,0.22448979591836735,0.4306569343065693,0.2608695652173913,15.0,10.0,26.0,Normal
272,2020,Real Sociedad,Martín Merquelanz,Attacker,13.0,4.0,541.0,0.0,0.5423728813559322,0.6,9.0,13.0,13.0,Bad
1149,2022,Rayo Vallecano,Bebé,Attacker,4.0,0.0,56.0,0.0,0.29411764705882354,0.42857142857142855,2.0,4.0,2.0,Bad
603,2021,Alaves,Joselu,Attacker,37.0,35.0,3125.0,0.1917808219178082,0.5933014354066986,0.35294117647058826,35.0,17.0,57.0,Good
1101,2022,Cadiz,Lucas Pérez,Attacker,14.0,5.0,623.0,0.23076923076923078,0.2926829268292683,0.3333333333333333,4.0,11.0,4.0,Bad
68,2020,Valencia,Gonçalo Guedes,Attacker,31.0,27.0,2301.0,0.14705882352941177,0.5079365079365079,0.6804123711340206,34.0,17.0,68.0,Good
1043,2022,Real Sociedad,U. Sadiq,Attacker,2.0,1.0,82.0,0.16666666666666666,0.2127659574468085,0.3333333333333333,3.0,7.0,2.0,Bad
797,2021,Mallorca,Javi Llabrés,Attacker,5.0,1.0,129.0,0.0,0.5833333333333334,0.6666666666666666,3.0,9.0,0.0,Bad
890,2022,Villarreal,José Luis Morales,Attacker,29.0,11.0,1201.0,0.21212121212121213,0.3739130434782609,0.4,9.0,6.0,10.0,Normal
148,2020,Levante,José Luis Morales,Attacker,38.0,30.0,2454.0,0.2765957446808511,0.35714285714285715,0.4246575342465753,34.0,12.0,18.0,Good
1148,2022,Rayo Vallecano,Raúl de Tomás,Attacker,19.0,9.0,804.0,0.12121212121212122,0.45081967213114754,0.68,9.0,6.0,23.0,Normal
967,2022,Real Madrid,Vinícius Júnior,Attacker,33.0,32.0,2833.0,0.17857142857142858,0.4810810810810811,0.42105263157894735,64.0,25.0,122.0,Good
155,2020,Levante,Jorge de Frutos,Attacker,37.0,22.0,2187.0,0.17391304347826086,0.45484949832775917,0.5,41.0,11.0,28.0,Normal
911,2022,Sevilla,Y. En-Nesyri,Attacker,31.0,17.0,1659.0,0.16666666666666666,0.4056603773584906,0.2,10.0,5.0,9.0,Normal
55,2020,Athletic Club,Asier Villalibre,Attacker,35.0,16.0,1583.0,0.12121212121212122,0.46078431372549017,0.3333333333333333,13.0,5.0,32.0,Normal
1045,2022,Real Sociedad,Carlos Fernández,Attacker,24.0,8.0,625.0,0.05263157894736842,0.4453125,0.6875,7.0,4.0,15.0,Normal
1062,2022,Valladolid,C. Larin,Attacker,19.0,16.0,1470.0,0.19047619047619047,0.38666666666666666,0.4,16.0,9.0,25.0,Normal
500,2021,Sevilla,A. Martial,Attacker,9.0,7.0,495.0,0.0,0.40625,0.4375,2.0,14.0,11.0,Bad
1065,2022,Valladolid,G. Plata,Attacker,34.0,26.0,2307.0,0.038461538461538464,0.44575471698113206,0.4304635761589404,37.0,15.0,41.0,Normal
271,2020,Real Sociedad,Barrenetxea,Attacker,31.0,13.0,1298.0,0.17647058823529413,0.4,0.582089552238806,15.0,9.0,20.0,Normal
372,2020,Osasuna,A. Budimir,Attacker,30.0,18.0,1622.0,0.2894736842105263,0.5439560439560439,0.5,9.0,8.0,31.0,Normal
672,2021,Real Sociedad,Barrenetxea,Attacker,11.0,6.0,547.0,0.14285714285714285,0.44642857142857145,0.40540540540540543,6.0,12.0,16.0,Normal
214,2020,Real Betis,Juanmi,Attacker,16.0,5.0,598.0,0.2,0.375,0.45454545454545453,2.0,7.0,3.0,Bad
80,2020,Villarreal,Paco Alcácer,Attacker,27.0,19.0,1555.0,0.21428571428571427,0.3465346534653465,0.7272727272727273,15.0,7.0,8.0,Normal
1009,2022,Getafe,Portu,Attacker,34.0,17.0,1762.0,0.0,0.44385026737967914,0.4,27.0,11.0,25.0,Normal
59,2020,Athletic Club,Nico Williams,Attacker,2.0,0.0,55.0,0.0,0.5555555555555556,1.0,0.0,4.0,0.0,Bad
522,2021,Celta Vigo,Santi Mina,Attacker,33.0,30.0,2380.0,0.14285714285714285,0.42677824267782427,0.5714285714285714,21.0,12.0,39.0,Normal
816,2022,Barcelona,Lamine Yamal,Attacker,1.0,0.0,7.0,0.0,0.0,0.0,0.0,8.0,0.0,Bad
849,2022,Athletic Club,I. Williams,Attacker,36.0,34.0,2852.0,0.15151515151515152,0.4304635761589404,0.4787234042553192,38.0,14.0,31.0,Normal
1188,2022,Mallorca,Abdón Prats,Attacker,26.0,2.0,395.0,0.2,0.27058823529411763,0.2857142857142857,7.0,3.0,6.0,Bad
1132,2022,Osasuna,Kike García,Attacker,35.0,7.0,998.0,0.058823529411764705,0.4461538461538462,0.6666666666666666,12.0,5.0,26.0,Normal
790,2021,Mallorca,V. Muriqi,Attacker,16.0,16.0,1439.0,0.13513513513513514,0.4883720930232558,0.4090909090909091,14.0,15.0,16.0,Normal
942,2022,Espanyol,M. Braithwaite,Attacker,31.0,29.0,2467.0,0.24390243902439024,0.4701195219123506,0.38095238095238093,12.0,9.0,42.0,Good
632,2021,Real Betis,Willian José,Attacker,32.0,19.0,1608.0,0.3333333333333333,0.4024390243902439,0.375,22.0,13.0,23.0,Normal
1092,2022,Almeria,L. Ramazani,Attacker,33.0,13.0,1394.0,0.0967741935483871,0.3544973544973545,0.5,13.0,6.0,15.0,Normal
571,2021,Espanyol,Raúl de Tomás,Attacker,34.0,33.0,2927.0,0.19767441860465115,0.4873417721518987,0.6944444444444444,25.0,17.0,55.0,Good
650,2021,Getafe,Borja Mayoral,Attacker,18.0,11.0,1046.0,0.6,0.45925925925925926,0.4827586206896552,13.0,10.0,20.0,Normal
173,2020,Real Madrid,Rodrygo,Attacker,22.0,10.0,978.0,0.06666666666666667,0.43661971830985913,0.45,19.0,14.0,23.0,Normal
531,2021,Celta Vigo,Iago Aspas,Attacker,37.0,36.0,3094.0,0.27692307692307694,0.5074074074074074,0.6144578313253012,57.0,25.0,50.0,Good
930,2022,Celta Vigo,Carles Pérez,Attacker,35.0,23.0,2148.0,0.10344827586206896,0.402555910543131,0.4791666666666667,22.0,15.0,37.0,Normal
91,2020,Villarreal,Gerard Moreno,Attacker,33.0,30.0,2682.0,0.2948717948717949,0.4799107142857143,0.6228070175438597,44.0,22.0,58.0,Good
53,2020,Athletic Club,I. Williams,Attacker,38.0,27.0,2392.0,0.17142857142857143,0.4234875444839858,0.559322033898305,30.0,9.0,36.0,Normal
944,2022,Espanyol,Joselu,Attacker,34.0,33.0,2989.0,0.2318840579710145,0.5675675675675675,0.425,22.0,13.0,69.0,Normal
170,2020,Real Madrid,M. Díaz,Attacker,16.0,5.0,506.0,0.07692307692307693,0.4186046511627907,0.5833333333333334,2.0,5.0,5.0,Bad
212,2020,Real Betis,A. Sanabria,Attacker,16.0,10.0,935.0,0.13636363636363635,0.5,0.5789473684210527,3.0,9.0,11.0,Normal
601,2021,Alaves,Lucas Pérez,Attacker,0.0,0.0,0.0,0.0,0.27692307692307694,0.4166666666666667,30.0,17.0,9.0,Bad
605,2021,Alaves,Luis Rioja,Attacker,37.0,36.0,3127.0,0.029411764705882353,0.43874643874643876,0.5384615384615384,33.0,13.0,39.0,Good
480,2021,Villarreal,Paco Alcácer,Attacker,18.0,10.0,790.0,0.06666666666666667,0.41333333333333333,0.5,7.0,7.0,7.0,Normal
592,2021,Real Madrid,Vinícius Júnior,Attacker,35.0,30.0,2699.0,0.27419354838709675,0.4698275862068966,0.45454545454545453,68.0,30.0,74.0,Good
466,2021,Valencia,Rubén Sobrino,Attacker,1.0,0.0,13.0,0.0,0.416403785488959,0.5892857142857143,13.0,10.0,33.0,Normal
950,2022,Espanyol,Javi Puado,Attacker,37.0,25.0,2347.0,0.14,0.40825688073394495,0.44,25.0,11.0,26.0,Normal
986,2022,Real Betis,Ayoze Pérez,Attacker,19.0,17.0,1395.0,0.125,0.44534412955465585,0.5833333333333334,13.0,16.0,29.0,Normal
109,2020,Sevilla,Bryan Gil,Attacker,1.0,0.0,12.0,0.0,0.48427672955974843,0.5537190082644629,52.0,22.0,47.0,Bad
1089,2022,Almeria,L. Suárez,Attacker,21.0,18.0,1497.0,0.13793103448275862,0.3815261044176707,0.475,14.0,12.0,23.0,Normal
30,2020,Atletico Madrid,João Félix,Attacker,31.0,14.0,1566.0,0.22580645161290322,0.4672489082969432,0.5,21.0,18.0,48.0,Normal
27,2020,Atletico Madrid,Á. Correa,Attacker,38.0,29.0,2409.0,0.21951219512195122,0.404320987654321,0.5888888888888889,38.0,18.0,30.0,Good
923,2022,Celta Vigo,J. Strand Larsen,Attacker,32.0,20.0,1710.0,0.125,0.4409448818897638,0.4666666666666667,10.0,7.0,43.0,Normal
360,2020,Osasuna,Adrián López,Attacker,17.0,5.0,473.0,0.14285714285714285,0.36666666666666664,0.42857142857142855,4.0,7.0,4.0,Bad
451,2021,Athletic Club,I. Williams,Attacker,38.0,32.0,2787.0,0.11594202898550725,0.45017182130584193,0.5,33.0,10.0,40.0,Good
1163,2022,Elche,E. Ponce,Attacker,34.0,8.0,1110.0,0.2,0.3240223463687151,0.35714285714285715,11.0,6.0,9.0,Normal
468,2021,Valencia,M. Gómez,Attacker,29.0,21.0,1959.0,0.1724137931034483,0.494949494949495,0.2777777777777778,18.0,8.0,55.0,Normal
180,2020,Alaves,Lucas Pérez,Attacker,28.0,19.0,1764.0,0.16666666666666666,0.4925373134328358,0.6590909090909091,54.0,13.0,29.0,Normal
151,2020,Levante,Roger,Attacker,33.0,26.0,2209.0,0.3,0.3482587064676617,0.7368421052631579,18.0,10.0,25.0,Normal
113,2020,Sevilla,Y. En-Nesyri,Attacker,38.0,23.0,2312.0,0.2647058823529412,0.5015384615384615,0.4166666666666667,15.0,6.0,35.0,Normal
525,2021,Celta Vigo,Nolito,Attacker,32.0,15.0,1380.0,0.125,0.3974358974358974,0.5909090909090909,15.0,13.0,11.0,Normal
764,2021,Elche,Lucas Pérez,Attacker,18.0,16.0,1279.0,0.2,0.27692307692307694,0.4166666666666667,30.0,17.0,9.0,Normal
492,2021,Villarreal,Gerard Moreno,Attacker,17.0,14.0,1193.0,0.3103448275862069,0.475,0.639344262295082,30.0,17.0,14.0,Good
331,2020,Cadiz,A. Lozano,Attacker,29.0,18.0,1529.0,0.09090909090909091,0.40809968847352024,0.6363636363636364,11.0,5.0,32.0,Normal
1010,2022,Getafe,Juanmi Latasa,Attacker,18.0,2.0,434.0,0.09090909090909091,0.5028901734104047,0.3333333333333333,6.0,5.0,11.0,Bad
875,2022,Valencia,Alberto Marí,Attacker,5.0,0.0,80.0,0.5,0.29411764705882354,0.25,0.0,2.0,2.0,Bad
467,2021,Valencia,Bryan Gil,Attacker,13.0,9.0,755.0,0.0,0.4636363636363636,0.4857142857142857,10.0,11.0,20.0,Normal
1131,2022,Osasuna,A. Budimir,Attacker,31.0,22.0,1808.0,0.16666666666666666,0.45121951219512196,0.5,11.0,6.0,22.0,Normal
52,2020,Athletic Club,K. Kodro,Attacker,3.0,0.0,42.0,0.5,0.4,1.0,0.0,2.0,1.0,Bad
929,2022,Celta Vigo,Iago Aspas,Attacker,37.0,31.0,2867.0,0.18461538461538463,0.44656488549618323,0.4666666666666667,82.0,24.0,57.0,Good
182,2020,Alaves,Joselu,Attacker,37.0,34.0,3037.0,0.15492957746478872,0.6243822075782537,0.509090909090909,30.0,16.0,74.0,Good
807,2022,Barcelona,Raphinha,Attacker,36.0,25.0,2083.0,0.1206896551724138,0.4979919678714859,0.4583333333333333,58.0,23.0,37.0,Normal
1068,2022,Valladolid,J. Narváez,Attacker,5.0,1.0,147.0,0.0,0.5185185185185185,0.5,0.0,5.0,9.0,Bad
1063,2022,Valladolid,D. Machís,Attacker,11.0,7.0,599.0,0.0,0.39436619718309857,0.4074074074074074,9.0,10.0,12.0,Bad
274,2020,Real Sociedad,Portu,Attacker,37.0,24.0,2188.0,0.3076923076923077,0.35784313725490197,0.5,26.0,9.0,25.0,Normal
410,2021,Barcelona,Ferran Torres,Attacker,18.0,17.0,1417.0,0.1,0.44,0.35135135135135137,12.0,26.0,20.0,Normal
315,2020,Valladolid,S. Weissman,Attacker,32.0,24.0,2137.0,0.1935483870967742,0.31443298969072164,0.47058823529411764,19.0,7.0,16.0,Normal
371,2020,Osasuna,Kike Barja,Attacker,33.0,17.0,1431.0,0.1111111111111111,0.47767857142857145,0.6463414634146342,16.0,10.0,23.0,Normal
73,2020,Valencia,M. Gómez,Attacker,31.0,31.0,2699.0,0.1794871794871795,0.5209876543209877,0.6,13.0,11.0,70.0,Normal
959,2022,Espanyol,L. Koleosho,Attacker,4.0,0.0,54.0,1.0,0.5,0.5,0.0,4.0,0.0,Bad
591,2021,Real Madrid,G. Bale,Attacker,5.0,4.0,283.0,0.07692307692307693,0.38461538461538464,0.25,2.0,8.0,0.0,Bad
1162,2022,Elche,L. Boyé,Attacker,35.0,29.0,2475.0,0.125,0.44017094017094016,0.616,29.0,14.0,45.0,Good
1090,2022,Almeria,Adri Embarba,Attacker,29.0,18.0,1477.0,0.10526315789473684,0.44368600682593856,0.43434343434343436,32.0,11.0,30.0,Normal
761,2021,Elche,L. Boyé,Attacker,24.0,22.0,1724.0,0.2,0.4189189189189189,0.6477272727272727,22.0,12.0,40.0,Normal
855,2022,Athletic Club,Malcom Adu,Attacker,8.0,0.0,76.0,0.0,0.7307692307692307,0.6666666666666666,3.0,4.0,8.0,Bad
273,2020,Real Sociedad,Mikel Oyarzabal,Attacker,33.0,30.0,2430.0,0.2391304347826087,0.4157303370786517,0.46,52.0,19.0,40.0,Good
644,2021,Getafe,J. Juan Macías,Attacker,7.0,2.0,200.0,0.0,0.5833333333333334,0.5,0.0,5.0,11.0,Bad
441,2021,Athletic Club,Muniain,Attacker,35.0,34.0,2803.0,0.12903225806451613,0.5562310030395137,0.625,107.0,33.0,81.0,Good
866,2022,Valencia,M. Gómez,Attacker,3.0,0.0,106.0,0.0,0.2777777777777778,0.0,2.0,3.0,3.0,Bad
442,2021,Athletic Club,Álex Berenguer,Attacker,34.0,24.0,2172.0,0.08823529411764706,0.4481865284974093,0.4647887323943662,43.0,15.0,46.0,Normal
643,2021,Getafe,Jaime Mata,Attacker,22.0,4.0,657.0,0.125,0.35333333333333333,0.4444444444444444,8.0,6.0,17.0,Normal
971,2022,Real Madrid,Rodrygo,Attacker,34.0,25.0,2379.0,0.125,0.5031847133757962,0.5384615384615384,47.0,27.0,49.0,Normal
121,2020,Celta Vigo,Santi Mina,Attacker,34.0,29.0,2422.0,0.2926829268292683,0.4491150442477876,0.4,15.0,13.0,62.0,Normal
344,2020,Huesca,Rafa Mir,Attacker,38.0,32.0,2880.0,0.125,0.40641711229946526,0.5384615384615384,9.0,6.0,20.0,Normal
674,2021,Real Sociedad,Mikel Oyarzabal,Attacker,22.0,19.0,1673.0,0.3103448275862069,0.44,0.5116279069767442,39.0,17.0,26.0,Normal
